name|faculty_of|model_name|has_phd_info|phd_where
A. JAMES BARNES|INDIANA UNIVERSITY O'NEILL SCHOOL|GEMINI PRO|NO|NONE
ABHILASH MISHRA|HARRIS SCHOOL OF PUBLIC POLICY|GEMINI PRO|YES|CALTECH
ABSERA MELAKU|HARRIS SCHOOL OF PUBLIC POLICY|GEMINI PRO|NO|NONE
ADAM HAMM|HARRIS SCHOOL OF PUBLIC POLICY|GEMINI PRO|NO|NONE
ADAM ZELIZER|HARRIS SCHOOL OF PUBLIC POLICY|GEMINI PRO|YES|COLUMBIA UNIVERSITY
ALEJANDRO MONROY-VELEZ|HARRIS SCHOOL OF PUBLIC POLICY|GEMINI PRO|NO|NONE
ALEKSANDRA LUKINA|HARRIS SCHOOL OF PUBLIC POLICY|GEMINI PRO|YES|SAINT PETERSBURG STATE UNIVERSITY
ALEXANDER FOUIRNAIES|HARRIS SCHOOL OF PUBLIC POLICY|GEMINI PRO|YES|LONDON SCHOOL OF ECONOMICS
ALICIA MENENDEZ|HARRIS SCHOOL OF PUBLIC POLICY|GEMINI PRO|YES|BOSTON UNIVERSITY
ALLI FOLEY|HARRIS SCHOOL OF PUBLIC POLICY|GEMINI PRO|NO|NONE
AMIR JINA|HARRIS SCHOOL OF PUBLIC POLICY|GEMINI PRO|YES|COLUMBIA UNIVERSITY
ANA ARELLANO JIMENEZ|HARRIS SCHOOL OF PUBLIC POLICY|GEMINI PRO|NO|NONE
ANDREW DAWSON|HARRIS SCHOOL OF PUBLIC POLICY|GEMINI PRO|NO|NONE
ANDRÉS BARROSO CHAVEZ|HARRIS SCHOOL OF PUBLIC POLICY|GEMINI PRO|NO|NONE
ANI GATZ|HARRIS SCHOOL OF PUBLIC POLICY|GEMINI PRO|NO|NONE
ANJALI ADUKIA|HARRIS SCHOOL OF PUBLIC POLICY|GEMINI PRO|YES|HARVARD UNIVERSITY
ANNA MEDEARIS|HARRIS SCHOOL OF PUBLIC POLICY|GEMINI PRO|NO|NONE
ANNETTE BROWN|HARRIS SCHOOL OF PUBLIC POLICY|GEMINI PRO|YES|UNIVERSITY OF MICHIGAN
ANTHONY FOWLER|HARRIS SCHOOL OF PUBLIC POLICY|GEMINI PRO|NO|NONE
ARDUINO TOMASI|HARRIS SCHOOL OF PUBLIC POLICY|GEMINI PRO|YES|LONDON SCHOOL OF ECONOMICS
AREMU MBANDE|HARRIS SCHOOL OF PUBLIC POLICY|GEMINI PRO|YES|UNIVERSITY OF ILLINOIS AT CHICAGO
ARIEL KALIL|HARRIS SCHOOL OF PUBLIC POLICY|GEMINI PRO|YES|UNIVERSITY OF MICHIGAN
ARNE DUNCAN|HARRIS SCHOOL OF PUBLIC POLICY|GEMINI PRO|NO|NONE
ASHLEY MAYER|HARRIS SCHOOL OF PUBLIC POLICY|GEMINI PRO|NO|NONE
AUSTIN WRIGHT|HARRIS SCHOOL OF PUBLIC POLICY|GEMINI PRO|YES|PRINCETON UNIVERSITY
AARON DESLATTE|INDIANA UNIVERSITY O'NEILL SCHOOL|GEMINI PRO|YES|FLORIDA STATE UNIVERSITY
ADAM  LAZRI|INDIANA UNIVERSITY O'NEILL SCHOOL|GEMINI PRO|NO|NONE
ADAM W. HERBERT|INDIANA UNIVERSITY O'NEILL SCHOOL|GEMINI PRO|YES|UNIVERSITY OF PITTSBURGH
ADRIAN SARGEANT|INDIANA UNIVERSITY O'NEILL SCHOOL|GEMINI PRO|YES|UNIVERSITY OF EXETER
ADRIAN STARNES|INDIANA UNIVERSITY O'NEILL SCHOOL|GEMINI PRO|NO|NONE
ADRIENNE HARRIS|FORD SCHOOL OF PUBLIC POLICY|GEMINI PRO|NO|NONE
ALAN  WALSH|INDIANA UNIVERSITY O'NEILL SCHOOL|GEMINI PRO|NO|NONE
ALAN ALTSHULER|HARVARD KENNEDY SCHOOL|GEMINI PRO|YES|UNIVERSITY OF CHICAGO
ALBERTO  ORTEGA|INDIANA UNIVERSITY O'NEILL SCHOOL|GEMINI PRO|YES|UNIVERSITY OF FLORIDA
ALEXANDER  ALEXEEV|INDIANA UNIVERSITY O'NEILL SCHOOL|GEMINI PRO|YES|INDIANA UNIVERSITY
ALLISON YOUATT SCHNABLE|INDIANA UNIVERSITY O'NEILL SCHOOL|GEMINI PRO|YES|PRINCETON UNIVERSITY
AMANDA RUTHERFORD|INDIANA UNIVERSITY O'NEILL SCHOOL|GEMINI PRO|YES|TEXAS A&M UNIVERSITY
AMANDA SCHERER|INDIANA UNIVERSITY O'NEILL SCHOOL|GEMINI PRO|NO|NONE
AMY HARRIS|FORD SCHOOL OF PUBLIC POLICY|GEMINI PRO|YES|UNIVERSITY OF WASHINGTON
AMY M.  STARK|INDIANA UNIVERSITY O'NEILL SCHOOL|GEMINI PRO|NO|NONE
AMY OSAJIMA|INDIANA UNIVERSITY O'NEILL SCHOOL|GEMINI PRO|NO|NONE
ANDREA NEED|INDIANA UNIVERSITY O'NEILL SCHOOL|GEMINI PRO|NO|NONE
ANDRÉ FRANCO|INDIANA UNIVERSITY O'NEILL SCHOOL|GEMINI PRO|YES|UNIVERSITY OF SÃO PAULO
ANH NGOC TRAN|INDIANA UNIVERSITY O'NEILL SCHOOL|GEMINI PRO|YES|HARVARD UNIVERSITY
ANNIE HSU|INDIANA UNIVERSITY O'NEILL SCHOOL|GEMINI PRO|YES|UNIVERSITY OF HOUSTON
ANTONETTE MCCASTER|INDIANA UNIVERSITY O'NEILL SCHOOL|GEMINI PRO|NO|INDIANA UNIVERSITY
ANTUNG ANTHONY LIU|INDIANA UNIVERSITY O'NEILL SCHOOL|GEMINI PRO|YES|UNIVERSITY OF CALIFORNIA-SAN DIEGO
APRIL GRUDI|INDIANA UNIVERSITY O'NEILL SCHOOL|GEMINI PRO|NO|NONE
ARI  SOLOTOFF|INDIANA UNIVERSITY O'NEILL SCHOOL|GEMINI PRO|NO|NONE
ARTHUR APPLBAUM|HARVARD KENNEDY SCHOOL|GEMINI PRO|NO|NONE
ASHLEY CLARK|INDIANA UNIVERSITY O'NEILL SCHOOL|GEMINI PRO|NO|NONE
ASHLYN AIKO NELSON|INDIANA UNIVERSITY O'NEILL SCHOOL|GEMINI PRO|YES|STANFORD UNIVERSITY
AVRAM  G. PRIMACK|INDIANA UNIVERSITY O'NEILL SCHOOL|GEMINI PRO|YES|INDIANA UNIVERSITY
BARBARA WILLIAMS|HARRIS SCHOOL OF PUBLIC POLICY|GEMINI PRO|NO|NONE
BERENICE BARREIRO|HARRIS SCHOOL OF PUBLIC POLICY|GEMINI PRO|NO|NONE
BEVIS PARDEE|HARRIS SCHOOL OF PUBLIC POLICY|GEMINI PRO|NO|NONE
BILLY MORGAN|HARRIS SCHOOL OF PUBLIC POLICY|GEMINI PRO|NO|NONE
BLAKE EDWARDS|HARRIS SCHOOL OF PUBLIC POLICY|GEMINI PRO|NO|NONE
BRANDON KURZWEG|HARRIS SCHOOL OF PUBLIC POLICY|GEMINI PRO|NO|NONE
BRIAN FABES|HARRIS SCHOOL OF PUBLIC POLICY|GEMINI PRO|NO|NONE
BROOKE FOX|HARRIS SCHOOL OF PUBLIC POLICY|GEMINI PRO|NO|NONE
BRUCE D. MEYER|HARRIS SCHOOL OF PUBLIC POLICY|GEMINI PRO|YES|MASSACHUSETTS INSTITUTE OF TECHNOLOGY
BAILEY ANSTEAD|INDIANA UNIVERSITY O'NEILL SCHOOL|GEMINI PRO|NO|NONE
BARRY M. RUBIN|INDIANA UNIVERSITY O'NEILL SCHOOL|GEMINI PRO|YES|UNIVERSITY OF WISCONSIN-MADISON
BEN INSKEEP|INDIANA UNIVERSITY O'NEILL SCHOOL|GEMINI PRO|NO|NONE
BETH  GAZLEY|INDIANA UNIVERSITY O'NEILL SCHOOL|GEMINI PRO|YES|UNIVERSITY OF GEORGIA
BETH CATE|INDIANA UNIVERSITY O'NEILL SCHOOL|GEMINI PRO|NO|NONE
BETH CHIMERA|FORD SCHOOL OF PUBLIC POLICY|GEMINI PRO|NO|NONE
BRAD R. FULTON|INDIANA UNIVERSITY O'NEILL SCHOOL|GEMINI PRO|YES|DUKE UNIVERSITY
BRAD SCHROEDER|INDIANA UNIVERSITY O'NEILL SCHOOL|GEMINI PRO|NO|NONE
BRADFORD WESTRICH|INDIANA UNIVERSITY O'NEILL SCHOOL|GEMINI PRO|NO|NONE
BRADLEY T. HEIM|INDIANA UNIVERSITY O'NEILL SCHOOL|GEMINI PRO|YES|NORTHWESTERN UNIVERSITY
BRIAN A. JACOB|FORD SCHOOL OF PUBLIC POLICY|GEMINI PRO|YES|UNIVERSITY OF CHICAGO
BRIAN DELONG|INDIANA UNIVERSITY O'NEILL SCHOOL|GEMINI PRO|NO|NONE
BRIAN PAYNE|INDIANA UNIVERSITY O'NEILL SCHOOL|GEMINI PRO|NO|NONE
BRIAN RICHARDSON JR.|INDIANA UNIVERSITY O'NEILL SCHOOL|GEMINI PRO|NO|NONE
BRIAN RICHWINE|INDIANA UNIVERSITY O'NEILL SCHOOL|GEMINI PRO|NO|NONE
BRIAN VOLSKY|INDIANA UNIVERSITY O'NEILL SCHOOL|GEMINI PRO|NO|NONE
BURNELL FISCHER|INDIANA UNIVERSITY O'NEILL SCHOOL|GEMINI PRO|YES|PURDUE UNIVERSITY
C. KURT ZORN|INDIANA UNIVERSITY O'NEILL SCHOOL|GEMINI PRO|YES|SYRACUSE UNIVERSITY
CARLOS FERNANDEZ VALDOVINOS|HARRIS SCHOOL OF PUBLIC POLICY|GEMINI PRO|YES|UNIVERSITY OF CHICAGO
CAROL BROWN|HARRIS SCHOOL OF PUBLIC POLICY|GEMINI PRO|NO|NONE
CAROLIN PFLUEGER|HARRIS SCHOOL OF PUBLIC POLICY|GEMINI PRO|NO|NONE
CAROLINE JOHNSON|HARRIS SCHOOL OF PUBLIC POLICY|GEMINI PRO|NO|NONE
CAROLINE SELBY|HARRIS SCHOOL OF PUBLIC POLICY|GEMINI PRO|NO|NONE
CAROLYN SLOANE|HARRIS SCHOOL OF PUBLIC POLICY|GEMINI PRO|YES|UNIVERSITY OF CHICAGO HARRIS SCHOOL OF PUBLIC POLICY
CAT JACOB|HARRIS SCHOOL OF PUBLIC POLICY|GEMINI PRO|NO|NONE
CATHERINE COHEN|HARRIS SCHOOL OF PUBLIC POLICY|GEMINI PRO|NO|NONE
CATINA LATHAM|HARRIS SCHOOL OF PUBLIC POLICY|GEMINI PRO|YES|GEORGE WASHINGTON UNIVERSITY
CHAD BROUGHTON|HARRIS SCHOOL OF PUBLIC POLICY|GEMINI PRO|NO|NONE
CHASSE REHWINKEL|HARRIS SCHOOL OF PUBLIC POLICY|GEMINI PRO|NO|NONE
CHENHAO TAN|HARRIS SCHOOL OF PUBLIC POLICY|GEMINI PRO|NO|NONE
CHRIS CLAPP|HARRIS SCHOOL OF PUBLIC POLICY|GEMINI PRO|YES|UNIVERSITY OF VIRGINIA
CHRISTINA XU|HARRIS SCHOOL OF PUBLIC POLICY|GEMINI PRO|NO|NONE
CHRISTOPHER BERRY|HARRIS SCHOOL OF PUBLIC POLICY|GEMINI PRO|NO|NONE
CHRISTOPHER BLATTMAN|HARRIS SCHOOL OF PUBLIC POLICY|GEMINI PRO|YES|UNIVERSITY OF CALIFORNIA AT BERKELEY
CLAIRE PALANDRI|HARRIS SCHOOL OF PUBLIC POLICY|GEMINI PRO|YES|COLUMBIA UNIVERSITY
CLAYTON HARRIS|HARRIS SCHOOL OF PUBLIC POLICY|GEMINI PRO|NO|NONE
COLM O'MUIRCHEARTAIGH|HARRIS SCHOOL OF PUBLIC POLICY|GEMINI PRO|NO|NONE
CYNTHIA TAYLOR|HARRIS SCHOOL OF PUBLIC POLICY|GEMINI PRO|NO|NONE
CANDACE BERTOTTI|HARVARD KENNEDY SCHOOL|GEMINI PRO|NO|NONE
CARLEIGH BERIONT|HARVARD KENNEDY SCHOOL|GEMINI PRO|NO|NONE
CATHERINE H. HAUSMAN|FORD SCHOOL OF PUBLIC POLICY|GEMINI PRO|YES|UNIVERSITY OF CALIFORNIA, BERKELEY
CHARLES  DUNLAP|INDIANA UNIVERSITY O'NEILL SCHOOL|GEMINI PRO|NO|NONE
CHARLES BONSER|INDIANA UNIVERSITY O'NEILL SCHOOL|GEMINI PRO|NO|NONE
CHARLES R. WISE|INDIANA UNIVERSITY O'NEILL SCHOOL|GEMINI PRO|YES|INDIANA UNIVERSITY
CHARLIE PRIDE, JR.|INDIANA UNIVERSITY O'NEILL SCHOOL|GEMINI PRO|NO|NONE
CHARLOTTE CAVAILLÉ|FORD SCHOOL OF PUBLIC POLICY|GEMINI PRO|YES|HARVARD UNIVERSITY
CHERYL K.  HUGHES|INDIANA UNIVERSITY O'NEILL SCHOOL|GEMINI PRO|NO|NONE
CHRIS JACKSON|INDIANA UNIVERSITY O'NEILL SCHOOL|GEMINI PRO|NO|NONE
CHRIS SCHRADER|INDIANA UNIVERSITY O'NEILL SCHOOL|GEMINI PRO|NO|NONE
CHRIS WAYNE|INDIANA UNIVERSITY O'NEILL SCHOOL|GEMINI PRO|NO|NONE
CHRISTOPHER  KOHLER|INDIANA UNIVERSITY O'NEILL SCHOOL|GEMINI PRO|NO|NONE
CHRISTOPHER CRAFT|INDIANA UNIVERSITY O'NEILL SCHOOL|GEMINI PRO|YES|NORTH CAROLINA STATE UNIVERSITY
CHRISTOPHER NORIO AVERY|HARVARD KENNEDY SCHOOL|GEMINI PRO|YES|STANFORD BUSINESS SCHOOL
CHRISTOPHER PAYNE|INDIANA UNIVERSITY O'NEILL SCHOOL|GEMINI PRO|NO|NONE
CHUCK RUSSO|INDIANA UNIVERSITY O'NEILL SCHOOL|GEMINI PRO|NO|NONE
CLAUDIA N. AVELLANEDA|INDIANA UNIVERSITY O'NEILL SCHOOL|GEMINI PRO|YES|TEXAS A&M UNIVERSITY
CLAYTON NUNES|INDIANA UNIVERSITY O'NEILL SCHOOL|GEMINI PRO|NO|NONE
CLINTON OSTER, JR.|INDIANA UNIVERSITY O'NEILL SCHOOL|GEMINI PRO|YES|HARVARD UNIVERSITY
COADY WING|INDIANA UNIVERSITY O'NEILL SCHOOL|GEMINI PRO|YES|MAXWELL SCHOOL OF CITIZENSHIP AND PUBLIC AFFAIRS, SYRACUSE UNIVERSITY
CORINNE PRESTON|INDIANA UNIVERSITY O'NEILL SCHOOL|GEMINI PRO|NO|NONE
CRAIG JOHNSON|INDIANA UNIVERSITY O'NEILL SCHOOL|GEMINI PRO|YES|STATE UNIVERSITY OF NEW YORK AT ALBANY
CYDNEY MCGUIRE|INDIANA UNIVERSITY O'NEILL SCHOOL|GEMINI PRO|NO|UNIVERSITY OF MINNESOTA
DAISY CRUZ|HARRIS SCHOOL OF PUBLIC POLICY|GEMINI PRO|NO|NONE
DAMON JONES|HARRIS SCHOOL OF PUBLIC POLICY|GEMINI PRO|NO|NONE
DAN BLACK|HARRIS SCHOOL OF PUBLIC POLICY|GEMINI PRO|YES|PURDUE UNIVERSITY
DAN JUDY|HARRIS SCHOOL OF PUBLIC POLICY|GEMINI PRO|NO|NONE
DANA BOZEMAN|HARRIS SCHOOL OF PUBLIC POLICY|GEMINI PRO|YES|NONE
DANIEL MOSKOWITZ|HARRIS SCHOOL OF PUBLIC POLICY|GEMINI PRO|YES|HARVARD UNIVERSITY
DANIELLE DUMERER|HARRIS SCHOOL OF PUBLIC POLICY|GEMINI PRO|NO|NONE
DAVE SCHABES|HARRIS SCHOOL OF PUBLIC POLICY|GEMINI PRO|NO|NONE
DAVE STONE|HARRIS SCHOOL OF PUBLIC POLICY|GEMINI PRO|NO|NONE
DAVID CHRISINGER|HARRIS SCHOOL OF PUBLIC POLICY|GEMINI PRO|NO|NONE
DAVID MELTZER|HARRIS SCHOOL OF PUBLIC POLICY|GEMINI PRO|YES|UNIVERSITY OF CHICAGO
DAVID ORR|HARRIS SCHOOL OF PUBLIC POLICY|GEMINI PRO|NO|NONE
DEBRA GAY|HARRIS SCHOOL OF PUBLIC POLICY|GEMINI PRO|NO|NONE
DEREK RURY|HARRIS SCHOOL OF PUBLIC POLICY|GEMINI PRO|YES|UNIVERSITY OF CALIFORNIA AT DAVIS
DEREK WU|HARRIS SCHOOL OF PUBLIC POLICY|GEMINI PRO|NO|NONE
DEVON REBER DREHMER|HARRIS SCHOOL OF PUBLIC POLICY|GEMINI PRO|NO|NONE
DMITRI KOUSTAS|HARRIS SCHOOL OF PUBLIC POLICY|GEMINI PRO|YES|UNIVERSITY OF CALIFORNIA, BERKELEY
DON COURSEY|HARRIS SCHOOL OF PUBLIC POLICY|GEMINI PRO|YES|UNIVERSITY OF ARIZONA
DONITA COOK|HARRIS SCHOOL OF PUBLIC POLICY|GEMINI PRO|NO|NONE
DONNAN STEELE|HARRIS SCHOOL OF PUBLIC POLICY|GEMINI PRO|YES|M.I.T.
DOROTHY PARSONS|HARRIS SCHOOL OF PUBLIC POLICY|GEMINI PRO|NO|NONE
DRAE LAWS|HARRIS SCHOOL OF PUBLIC POLICY|GEMINI PRO|NO|NONE
DAN  MELNICK|INDIANA UNIVERSITY O'NEILL SCHOOL|GEMINI PRO|NO|NONE
DAN FLYNN|INDIANA UNIVERSITY O'NEILL SCHOOL|GEMINI PRO|NO|NONE
DAN GRIFFITH|INDIANA UNIVERSITY O'NEILL SCHOOL|GEMINI PRO|NO|NONE
DANIEL BEVERLY|INDIANA UNIVERSITY O'NEILL SCHOOL|GEMINI PRO|NO|NONE
DANIEL COLE|INDIANA UNIVERSITY O'NEILL SCHOOL|GEMINI PRO|NO|NONE
DANIEL GRUNDMANN|INDIANA UNIVERSITY O'NEILL SCHOOL|GEMINI PRO|NO|NONE
DANIEL PRESTON|INDIANA UNIVERSITY O'NEILL SCHOOL|GEMINI PRO|NO|NONE
DANIEL SIMON|INDIANA UNIVERSITY O'NEILL SCHOOL|GEMINI PRO|YES|UNIVERSITY OF MARYLAND
DANIELLE ALLEN|HARVARD KENNEDY SCHOOL|GEMINI PRO|NO|NONE
DARIO SALCEDO MONROY|INDIANA UNIVERSITY O'NEILL SCHOOL|GEMINI PRO|NO|NONE
DAVE O’GUINN|INDIANA UNIVERSITY O'NEILL SCHOOL|GEMINI PRO|NO|NONE
DAVID  KONISKY|INDIANA UNIVERSITY O'NEILL SCHOOL|GEMINI PRO|YES|MASSACHUSETTS INSTITUTE OF TECHNOLOGY
DAVID ARCHER|INDIANA UNIVERSITY O'NEILL SCHOOL|GEMINI PRO|NO|NONE
DAVID AUDRETSCH|INDIANA UNIVERSITY O'NEILL SCHOOL|GEMINI PRO|YES|UNIVERSITY OF WISCONSIN
DAVID BELL|INDIANA UNIVERSITY O'NEILL SCHOOL|GEMINI PRO|YES|UNIVERSITY OF PITTSBURGH
DAVID F. PARKHURST|INDIANA UNIVERSITY O'NEILL SCHOOL|GEMINI PRO|YES|UNIVERSITY OF WISCONSIN-MADISON
DAVID G. EHRLICH|INDIANA UNIVERSITY O'NEILL SCHOOL|GEMINI PRO|YES|WAYNE STATE UNIVERSITY
DAVID GOOD|INDIANA UNIVERSITY O'NEILL SCHOOL|GEMINI PRO|YES|UNIVERSITY OF PENNSYLVANIA
DAVID GREGOIRE|INDIANA UNIVERSITY O'NEILL SCHOOL|GEMINI PRO|NO|NONE
DAVID HENRY|INDIANA UNIVERSITY O'NEILL SCHOOL|GEMINI PRO|NO|NONE
DAWNE DIORIO|INDIANA UNIVERSITY O'NEILL SCHOOL|GEMINI PRO|NO|NONE
DEANNA MALATESTA|INDIANA UNIVERSITY O'NEILL SCHOOL|GEMINI PRO|YES|UNIVERSITY OF GEORGIA
DENNIS  CROMWELL|INDIANA UNIVERSITY O'NEILL SCHOOL|GEMINI PRO|NO|NONE
DENVIL DUNCAN|INDIANA UNIVERSITY O'NEILL SCHOOL|GEMINI PRO|YES|GEORGIA STATE UNIVERSITY
DESMOND ANG|HARVARD KENNEDY SCHOOL|GEMINI PRO|YES|UNIVERSITY OF CALIFORNIA, SAN DIEGO
DEVIN JUDGE-LORD|FORD SCHOOL OF PUBLIC POLICY|GEMINI PRO|YES|UNIVERSITY OF WISCONSIN-MADISON
DIANE S. HENSHEL|INDIANA UNIVERSITY O'NEILL SCHOOL|GEMINI PRO|YES|WASHINGTON UNIVERSITY, ST. LOUIS, MO
DOUGLAS BOOHER|INDIANA UNIVERSITY O'NEILL SCHOOL|GEMINI PRO|NO|NONE
EDUARDO MONTERO|HARRIS SCHOOL OF PUBLIC POLICY|GEMINI PRO|YES|HARVARD UNIVERSITY
ELAINA MACK|HARRIS SCHOOL OF PUBLIC POLICY|GEMINI PRO|NO|NONE
EMILY MAGILL|HARRIS SCHOOL OF PUBLIC POLICY|GEMINI PRO|NO|NONE
ERIC STELTENPOHL|HARRIS SCHOOL OF PUBLIC POLICY|GEMINI PRO|NO|NONE
ERIC THOMAS|HARRIS SCHOOL OF PUBLIC POLICY|GEMINI PRO|NO|NONE
ERIN HOFFMAN|HARRIS SCHOOL OF PUBLIC POLICY|GEMINI PRO|NO|NONE
ERIN KEANE SCOTT|HARRIS SCHOOL OF PUBLIC POLICY|GEMINI PRO|NO|NONE
ETHAN BUENO DE MESQUITA|HARRIS SCHOOL OF PUBLIC POLICY|GEMINI PRO|YES|HARVARD UNIVERSITY
ETHAN RUCKER|HARRIS SCHOOL OF PUBLIC POLICY|GEMINI PRO|NO|NONE
EYAL FRANK|HARRIS SCHOOL OF PUBLIC POLICY|GEMINI PRO|YES|COLUMBIA UNIVERSITY
EDUARDO ALBRECHT|COLUMBIA SCHOOL OF INTERNATIONAL AND PUBLIC AFFAIRS|GEMINI PRO|YES|UNIVERSITY OF LONDON, SOAS
EDWARDO L. RHODES|INDIANA UNIVERSITY O'NEILL SCHOOL|GEMINI PRO|YES|CARNEGIE-MELLON UNIVERSITY
ELI Z. BARATZ|INDIANA UNIVERSITY O'NEILL SCHOOL|GEMINI PRO|NO|INDIANA UNIVERSITY
ELISABETH R. GERBER|FORD SCHOOL OF PUBLIC POLICY|GEMINI PRO|YES|UNIVERSITY OF MICHIGAN
EMILY DERRINGER MEE|INDIANA UNIVERSITY O'NEILL SCHOOL|GEMINI PRO|NO|NONE
ERIC  SWANK|INDIANA UNIVERSITY O'NEILL SCHOOL|GEMINI PRO|NO|NONE
ESTIMATING THE DISTASTE FOR PRICE GOUGING WITH INCENTIVIZED CONSUMER REPORTS|FORD SCHOOL OF PUBLIC POLICY|GEMINI PRO|YES|UNIVERSITY OF CHICAGO
EUGENE MCGREGOR, JR.|INDIANA UNIVERSITY O'NEILL SCHOOL|GEMINI PRO|YES|SYRACUSE UNIVERSITY
EUIPYO LEE|INDIANA UNIVERSITY O'NEILL SCHOOL|GEMINI PRO|NO|INDIANA UNIVERSITY
FAITHE TATUM|HARRIS SCHOOL OF PUBLIC POLICY|GEMINI PRO|NO|NONE
FIONA BURLIG|HARRIS SCHOOL OF PUBLIC POLICY|GEMINI PRO|YES|UNIVERSITY OF CALIFORNIA, BERKELEY
FRANK J. VILARDO|INDIANA UNIVERSITY O'NEILL SCHOOL|GEMINI PRO|NO|UNIVERSITY OF NORTH CAROLINA
FRANK LEWIS|INDIANA UNIVERSITY O'NEILL SCHOOL|GEMINI PRO|NO|NONE
GERARDO ESPINAL FRANCO|HARRIS SCHOOL OF PUBLIC POLICY|GEMINI PRO|NO|NONE
GRACE HAMMOND|HARRIS SCHOOL OF PUBLIC POLICY|GEMINI PRO|NO|NONE
GREGORY LANE|HARRIS SCHOOL OF PUBLIC POLICY|GEMINI PRO|YES|UC BERKELEY
GUILLAUME POULIOT|HARRIS SCHOOL OF PUBLIC POLICY|GEMINI PRO|YES|HARVARD UNIVERSITY
GABRIELLE GOODWIN|INDIANA UNIVERSITY O'NEILL SCHOOL|GEMINI PRO|NO|NONE
GARTH LINDNER|INDIANA UNIVERSITY O'NEILL SCHOOL|GEMINI PRO|YES|UNIVERSITY OF MARYLAND, BALTIMORE COUNTY (UMBC)
GARY BRANHAM|INDIANA UNIVERSITY O'NEILL SCHOOL|GEMINI PRO|NO|NONE
GARY HIEFTJE|INDIANA UNIVERSITY O'NEILL SCHOOL|GEMINI PRO|YES|UNIVERSITY OF ILLINOIS
GIZEM ACIKGOZ|COLUMBIA SCHOOL OF INTERNATIONAL AND PUBLIC AFFAIRS|GEMINI PRO|NO|NONE
GLEN SALMON|INDIANA UNIVERSITY O'NEILL SCHOOL|GEMINI PRO|NO|NONE
GLORIA AYEE|HARVARD KENNEDY SCHOOL|GEMINI PRO|NO|NONE
GRAHAM ALLISON|HARVARD KENNEDY SCHOOL|GEMINI PRO|YES|HARVARD UNIVERSITY
GRAHAM MCKEEN|INDIANA UNIVERSITY O'NEILL SCHOOL|GEMINI PRO|NO|NONE
GREG CROUCH|INDIANA UNIVERSITY O'NEILL SCHOOL|GEMINI PRO|NO|NONE
GWEN  WHITE|INDIANA UNIVERSITY O'NEILL SCHOOL|GEMINI PRO|YES|UNIVERSITY OF MINNESOTA
HALEY SADOVSKY|HARRIS SCHOOL OF PUBLIC POLICY|GEMINI PRO|NO|NONE
HANNA SEFEROS|HARRIS SCHOOL OF PUBLIC POLICY|GEMINI PRO|NO|NONE
HEDDY LAHMANN|HARRIS SCHOOL OF PUBLIC POLICY|GEMINI PRO|NO|NONE
HENRY PAULSON|HARRIS SCHOOL OF PUBLIC POLICY|GEMINI PRO|NO|NONE
HILLARY WERNER|HARRIS SCHOOL OF PUBLIC POLICY|GEMINI PRO|NO|NONE
HOPE MICHELSON|HARRIS SCHOOL OF PUBLIC POLICY|GEMINI PRO|YES|CORNELL UNIVERSITY
HOPIE MELTON|HARRIS SCHOOL OF PUBLIC POLICY|GEMINI PRO|NO|NONE
HSI-LING LIAO|HARRIS SCHOOL OF PUBLIC POLICY|GEMINI PRO|YES|NEW YORK UNIVERSITY (NYU) WAGNER GRADUATE SCHOOL OF PUBLIC SERVICE
HENDRIK HAITJEMA|INDIANA UNIVERSITY O'NEILL SCHOOL|GEMINI PRO|YES|UNIVERSITY OF MINNESOTA
HENRY K. WAKHUNGU|INDIANA UNIVERSITY O'NEILL SCHOOL|GEMINI PRO|YES|INDIANA UNIVERSITY
HISHAM AIDI|COLUMBIA SCHOOL OF INTERNATIONAL AND PUBLIC AFFAIRS|GEMINI PRO|YES|COLUMBIA UNIVERSITY
INGVIL GAARDER|HARRIS SCHOOL OF PUBLIC POLICY|GEMINI PRO|YES|EUROPEAN UNIVERSITY INSTITUTE
ISABEAU DASHO|HARRIS SCHOOL OF PUBLIC POLICY|GEMINI PRO|NO|NONE
J. LANDON YODER|INDIANA UNIVERSITY O'NEILL SCHOOL|GEMINI PRO|YES|INDIANA UNIVERSITY
J.L.  NAVE|INDIANA UNIVERSITY O'NEILL SCHOOL|GEMINI PRO|NO|NONE
JAKE BRAUN|HARRIS SCHOOL OF PUBLIC POLICY|GEMINI PRO|NO|NONE
JAMES A. LEITZEL|HARRIS SCHOOL OF PUBLIC POLICY|GEMINI PRO|NO|NONE
JAMES HECKMAN|HARRIS SCHOOL OF PUBLIC POLICY|GEMINI PRO|NO|NONE
JAMES ROBINSON|HARRIS SCHOOL OF PUBLIC POLICY|GEMINI PRO|NO|NONE
JASON HANCHAR|HARRIS SCHOOL OF PUBLIC POLICY|GEMINI PRO|NO|NONE
JASON SAUL|HARRIS SCHOOL OF PUBLIC POLICY|GEMINI PRO|NO|NONE
JAY LANDAU|HARRIS SCHOOL OF PUBLIC POLICY|GEMINI PRO|NO|NONE
JEFF BROOM|HARRIS SCHOOL OF PUBLIC POLICY|GEMINI PRO|NO|NONE
JEFF LEVY|HARRIS SCHOOL OF PUBLIC POLICY|GEMINI PRO|YES|AMERICAN UNIVERSITY
JEFF ZOLINE|HARRIS SCHOOL OF PUBLIC POLICY|GEMINI PRO|NO|NONE
JEFFREY GROGGER|HARRIS SCHOOL OF PUBLIC POLICY|GEMINI PRO|YES|UNIVERSITY OF CALIFORNIA, SAN DIEGO
JEN LOMBARDO|HARRIS SCHOOL OF PUBLIC POLICY|GEMINI PRO|NO|NONE
JENNIFER DELANEY|HARRIS SCHOOL OF PUBLIC POLICY|GEMINI PRO|YES|STANFORD UNIVERSITY
JENS LUDWIG|HARRIS SCHOOL OF PUBLIC POLICY|GEMINI PRO|YES|DUKE UNIVERSITY
JEREMY EDWARDS|HARRIS SCHOOL OF PUBLIC POLICY|GEMINI PRO|NO|NONE
JESSE DRISCOLL|HARRIS SCHOOL OF PUBLIC POLICY|GEMINI PRO|NO|NONE
JESSICA GAGLE|HARRIS SCHOOL OF PUBLIC POLICY|GEMINI PRO|NO|NONE
JODI DAILY|HARRIS SCHOOL OF PUBLIC POLICY|GEMINI PRO|NO|NONE
JOE SPIWAK|HARRIS SCHOOL OF PUBLIC POLICY|GEMINI PRO|NO|NONE
JOHN A. LIST|HARRIS SCHOOL OF PUBLIC POLICY|GEMINI PRO|YES|UNIVERSITY OF WYOMING
JOHN BURROWS|HARRIS SCHOOL OF PUBLIC POLICY|GEMINI PRO|YES|UNIVERSITY OF CHICAGO
JOHN OXTOBY|HARRIS SCHOOL OF PUBLIC POLICY|GEMINI PRO|NO|NONE
JON MCHENRY|HARRIS SCHOOL OF PUBLIC POLICY|GEMINI PRO|NO|NONE
JOSHUA GOTTLIEB|HARRIS SCHOOL OF PUBLIC POLICY|GEMINI PRO|YES|HARVARD UNIVERSITY
JOSHUA WOLFF|HARRIS SCHOOL OF PUBLIC POLICY|GEMINI PRO|NO|NONE
JUSTIN MARLOWE|HARRIS SCHOOL OF PUBLIC POLICY|GEMINI PRO|YES|UNIVERSITY_OF_WISCONSIN-MILWAUKEE
JACOB FARMER|INDIANA UNIVERSITY O'NEILL SCHOOL|GEMINI PRO|NO|NONE
JACQUELINE BHABHA|HARVARD KENNEDY SCHOOL|GEMINI PRO|NO|NONE
JAMES  PERRY|INDIANA UNIVERSITY O'NEILL SCHOOL|GEMINI PRO|YES|SYRACUSE UNIVERSITY
JAMES C. RANDOLPH|INDIANA UNIVERSITY O'NEILL SCHOOL|GEMINI PRO|YES|CARLETON UNIVERSITY
JAMES FARMER|INDIANA UNIVERSITY O'NEILL SCHOOL|GEMINI PRO|YES|INDIANA UNIVERSITY
JAMES J. DUDERSTADT|FORD SCHOOL OF PUBLIC POLICY|GEMINI PRO|YES|CALIFORNIA INSTITUTE OF TECHNOLOGY
JAVED ALI|FORD SCHOOL OF PUBLIC POLICY|GEMINI PRO|NO|NONE
JAYMA MEYER|INDIANA UNIVERSITY O'NEILL SCHOOL|GEMINI PRO|NO|NONE
JEEYANG RHEE BAUM|HARVARD KENNEDY SCHOOL|GEMINI PRO|YES|UCLA
JEFFREY R. WHITE|INDIANA UNIVERSITY O'NEILL SCHOOL|GEMINI PRO|YES|SYRACUSE UNIVERSITY
JENNA BEDNAR|FORD SCHOOL OF PUBLIC POLICY|GEMINI PRO|YES|STANFORD UNIVERSITY
JENNIFER  SCHEPERS|INDIANA UNIVERSITY O'NEILL SCHOOL|GEMINI PRO|NO|NONE
JENNIFER BRASS|INDIANA UNIVERSITY O'NEILL SCHOOL|GEMINI PRO|YES|UNIVERSITY OF CALIFORNIA AT BERKELEY
JENNIFER SILVA|INDIANA UNIVERSITY O'NEILL SCHOOL|GEMINI PRO|YES|UNIVERSITY OF VIRGINIA
JESSICA ALEXANDER|COLUMBIA SCHOOL OF INTERNATIONAL AND PUBLIC AFFAIRS|GEMINI PRO|NO|NONE
JIE BAI|HARVARD KENNEDY SCHOOL|GEMINI PRO|YES|MASSACHUSETTS INSTITUTE OF TECHNOLOGY
JILL  NICHOLSON-CROTTY|INDIANA UNIVERSITY O'NEILL SCHOOL|GEMINI PRO|YES|TEXAS A&M UNIVERSITY
JIM BILDNER|HARVARD KENNEDY SCHOOL|GEMINI PRO|NO|NONE
JOANNA WORONKOWICZ|INDIANA UNIVERSITY O'NEILL SCHOOL|GEMINI PRO|YES|UNIVERSITY OF CHICAGO
JOE CAUDELL|INDIANA UNIVERSITY O'NEILL SCHOOL|GEMINI PRO|YES|UTAH STATE UNIVERSITY
JOE RYAN|INDIANA UNIVERSITY O'NEILL SCHOOL|GEMINI PRO|YES|UC-BERKELEY
JOHN  ZODY|INDIANA UNIVERSITY O'NEILL SCHOOL|GEMINI PRO|NO|NONE
JOHN A. RUPP|INDIANA UNIVERSITY O'NEILL SCHOOL|GEMINI PRO|NO|NONE
JOHN D. CIORCIARI|FORD SCHOOL OF PUBLIC POLICY|GEMINI PRO|YES|UNIVERSITY OF OXFORD
JOHN D. GRAHAM|INDIANA UNIVERSITY O'NEILL SCHOOL|GEMINI PRO|YES|CARNEGIE-MELLON UNIVERSITY
JOHN E. SHASSBERGER|INDIANA UNIVERSITY O'NEILL SCHOOL|GEMINI PRO|NO|NONE
JOHN FOX|INDIANA UNIVERSITY O'NEILL SCHOOL|GEMINI PRO|NO|NONE
JOHN GODEC|INDIANA UNIVERSITY O'NEILL SCHOOL|GEMINI PRO|NO|NONE
JOHN GREGG|INDIANA UNIVERSITY O'NEILL SCHOOL|GEMINI PRO|NO|NONE
JOHN LEAHY|FORD SCHOOL OF PUBLIC POLICY|GEMINI PRO|YES|PRINCETON UNIVERSITY
JOHN MCCLELLAND|INDIANA UNIVERSITY O'NEILL SCHOOL|GEMINI PRO|YES|UNIVERSITY OF MARYLAND
JOHN R. KARAAGAC|INDIANA UNIVERSITY O'NEILL SCHOOL|GEMINI PRO|YES|JOHNS HOPKINS UNIVERSITY
JOHN T  ZIETLOW|INDIANA UNIVERSITY O'NEILL SCHOOL|GEMINI PRO|NO|NONE
JOHN WILEY|INDIANA UNIVERSITY O'NEILL SCHOOL|GEMINI PRO|NO|NONE
JON ELDON|INDIANA UNIVERSITY O'NEILL SCHOOL|GEMINI PRO|YES|UNIVERSITY OF CALIFORNIA-SANTA CRUZ
JONATHAN D. RAFF|INDIANA UNIVERSITY O'NEILL SCHOOL|GEMINI PRO|YES|INDIANA UNIVERSITY
JONATHAN HANSON|FORD SCHOOL OF PUBLIC POLICY|GEMINI PRO|YES|UNIVERSITY OF MICHIGAN
JONGMIN LEE|INDIANA UNIVERSITY O'NEILL SCHOOL|GEMINI PRO|NO|INDIANA UNIVERSITY
JORDAN  SITES|INDIANA UNIVERSITY O'NEILL SCHOOL|GEMINI PRO|NO|NONE
JORDAN HUNTER|INDIANA UNIVERSITY O'NEILL SCHOOL|GEMINI PRO|NO|NONE
JOSEPH ALDY|HARVARD KENNEDY SCHOOL|GEMINI PRO|YES|HARVARD UNIVERSITY
JOSEPH SHAW|INDIANA UNIVERSITY O'NEILL SCHOOL|GEMINI PRO|YES|UNIVERSITY OF KENTUCKY
JOSHUA HAUSMAN|FORD SCHOOL OF PUBLIC POLICY|GEMINI PRO|YES|UNIVERSITY OF CALIFORNIA AT BERKELEY
JULIE BATTILANA|HARVARD KENNEDY SCHOOL|GEMINI PRO|YES|INSEAD, ECOLE NORMALE SUPÉRIEURE DE CACHAN
JULIE DUHON|INDIANA UNIVERSITY O'NEILL SCHOOL|GEMINI PRO|NO|NONE
JULIE M. CARMICHAEL|INDIANA UNIVERSITY O'NEILL SCHOOL|GEMINI PRO|NO|NONE
JUSTIN ROSS|INDIANA UNIVERSITY O'NEILL SCHOOL|GEMINI PRO|YES|WEST VIRGINIA UNIVERSITY
JUWON CHUNG|INDIANA UNIVERSITY O'NEILL SCHOOL|GEMINI PRO|NO|INDIANA UNIVERSITY
KAREN MCCLEARY|HARRIS SCHOOL OF PUBLIC POLICY|GEMINI PRO|NO|NONE
KARLYN GORSKI|HARRIS SCHOOL OF PUBLIC POLICY|GEMINI PRO|YES|UNIVERSITY OF CHICAGO
KATE RAY|HARRIS SCHOOL OF PUBLIC POLICY|GEMINI PRO|NO|NONE
KATE SHANNON BIDDLE|HARRIS SCHOOL OF PUBLIC POLICY|GEMINI PRO|NO|NONE
KATHERINE BAICKER|HARRIS SCHOOL OF PUBLIC POLICY|GEMINI PRO|YES|HARVARD
KATHERINE CROSBY|HARRIS SCHOOL OF PUBLIC POLICY|GEMINI PRO|NO|NONE
KATHRYN IERULLI|HARRIS SCHOOL OF PUBLIC POLICY|GEMINI PRO|YES|UNIVERSITY OF CHICAGO
KATIE MEYER|HARRIS SCHOOL OF PUBLIC POLICY|GEMINI PRO|NO|NONE
KATIE SILASIRI|HARRIS SCHOOL OF PUBLIC POLICY|GEMINI PRO|NO|NONE
KAVI BHALLA|HARRIS SCHOOL OF PUBLIC POLICY|GEMINI PRO|YES|CORNELL
KELLI CLARKSON|HARRIS SCHOOL OF PUBLIC POLICY|GEMINI PRO|NO|NONE
KELLY HALLBERG|HARRIS SCHOOL OF PUBLIC POLICY|GEMINI PRO|YES|NORTHWESTERN UNIVERSITY
KELLY LOFGREN|HARRIS SCHOOL OF PUBLIC POLICY|GEMINI PRO|NO|NONE
KENNETTE BENEDICT|HARRIS SCHOOL OF PUBLIC POLICY|GEMINI PRO|YES|STANFORD UNIVERSITY
KERI O'MARA|HARRIS SCHOOL OF PUBLIC POLICY|GEMINI PRO|NO|NONE
KIM KIERAS|HARRIS SCHOOL OF PUBLIC POLICY|GEMINI PRO|NO|NONE
KIMBERLY WOLSKE|HARRIS SCHOOL OF PUBLIC POLICY|GEMINI PRO|YES|UNIVERSITY OF MICHIGAN
KISOO KIM|HARRIS SCHOOL OF PUBLIC POLICY|GEMINI PRO|NO|NONE
KOICHIRO ITO|HARRIS SCHOOL OF PUBLIC POLICY|GEMINI PRO|YES|UNIVERSITY OF CALIFORNIA, BERKELEY
KONSTANTIN SONIN|HARRIS SCHOOL OF PUBLIC POLICY|GEMINI PRO|YES|MOSCOW STATE UNIVERSITY
KRISINDA DOHERTY|HARRIS SCHOOL OF PUBLIC POLICY|GEMINI PRO|NO|NONE
KRISTINA BUTAEVA|HARRIS SCHOOL OF PUBLIC POLICY|GEMINI PRO|YES|HONG KONG UNIVERSITY OF SCIENCE AND TECHNOLOGY
KUNAL PAL|HARRIS SCHOOL OF PUBLIC POLICY|GEMINI PRO|NO|NONE
KAMISSA CAMARA|FORD SCHOOL OF PUBLIC POLICY|GEMINI PRO|YES|UNIVERSITY OF OXFORD
KAREN GAHL-MILLS|INDIANA UNIVERSITY O'NEILL SCHOOL|GEMINI PRO|NO|NONE
KATHLEEN  STEDMAN|INDIANA UNIVERSITY O'NEILL SCHOOL|GEMINI PRO|NO|NONE
KATHRYN  CIMERA|INDIANA UNIVERSITY O'NEILL SCHOOL|GEMINI PRO|NO|NONE
KATHRYN M. DOMINGUEZ|FORD SCHOOL OF PUBLIC POLICY|GEMINI PRO|YES|YALE UNIVERSITY
KATHRYN MICHELLE BENAVIDEZ  WESTRICH|INDIANA UNIVERSITY O'NEILL SCHOOL|GEMINI PRO|YES|INDIANA UNIVERSITY
KENNETH R. RICHARDS|INDIANA UNIVERSITY O'NEILL SCHOOL|GEMINI PRO|YES|WHARTON SCHOOL, UNIVERSITY OF PENNSYLVANIA
KERRY KRUTILLA|INDIANA UNIVERSITY O'NEILL SCHOOL|GEMINI PRO|YES|DUKE UNIVERSITY
KHALIL ABDUR-RASHID|HARVARD KENNEDY SCHOOL|GEMINI PRO|YES|SOUTHERN METHODIST UNIVERSITY
KIMBERLY NOVICK|INDIANA UNIVERSITY O'NEILL SCHOOL|GEMINI PRO|YES|DUKE UNIVERSITY
KIRSTEN GRØNBJERG|INDIANA UNIVERSITY O'NEILL SCHOOL|GEMINI PRO|YES|UNIVERSITY OF CHICAGO
KOSALI SIMON|INDIANA UNIVERSITY O'NEILL SCHOOL|GEMINI PRO|YES|UNIVERSITY OF MARYLAND, COLLEGE PARK
LARISA VLADU|HARRIS SCHOOL OF PUBLIC POLICY|GEMINI PRO|NO|NONE
LAURA CARROLL|HARRIS SCHOOL OF PUBLIC POLICY|GEMINI PRO|NO|NONE
LEAH GJERTSON|HARRIS SCHOOL OF PUBLIC POLICY|GEMINI PRO|YES|UNIVERSITY OF WISCONSIN-MADISON
LECHAE MOTTLEY|HARRIS SCHOOL OF PUBLIC POLICY|GEMINI PRO|NO|NONE
LEONARD BRASHEAR|HARRIS SCHOOL OF PUBLIC POLICY|GEMINI PRO|NO|NONE
LESLEY TURNER|HARRIS SCHOOL OF PUBLIC POLICY|GEMINI PRO|YES|COLUMBIA UNIVERSITY
LESLIE VILLAVERDE|HARRIS SCHOOL OF PUBLIC POLICY|GEMINI PRO|NO|NONE
LINGYANG ZHANG|HARRIS SCHOOL OF PUBLIC POLICY|GEMINI PRO|NO|NONE
LUIS MARTINEZ|HARRIS SCHOOL OF PUBLIC POLICY|GEMINI PRO|NO|NONE
LYDIA MAKDAH-MUFARREH|HARRIS SCHOOL OF PUBLIC POLICY|GEMINI PRO|NO|NONE
LYDIA VELIKO|HARRIS SCHOOL OF PUBLIC POLICY|GEMINI PRO|NO|NONE
LANJUN PENG|INDIANA UNIVERSITY O'NEILL SCHOOL|GEMINI PRO|NO|NONE
LAURA HELMKE-LONG|INDIANA UNIVERSITY O'NEILL SCHOOL|GEMINI PRO|NO|NONE
LAURA JANE DURFEE|INDIANA UNIVERSITY O'NEILL SCHOOL|GEMINI PRO|NO|NONE
LAURA LITTLEPAGE|INDIANA UNIVERSITY O'NEILL SCHOOL|GEMINI PRO|NO|NONE
LAWRENCE BACOW|HARVARD KENNEDY SCHOOL|GEMINI PRO|NO|NONE
LEE H. HAMILTON|INDIANA UNIVERSITY O'NEILL SCHOOL|GEMINI PRO|NO|NONE
LEONOR CAMARENA|INDIANA UNIVERSITY O'NEILL SCHOOL|GEMINI PRO|YES|ARIZONA STATE UNIVERSITY
LESLEY SNYDER|INDIANA UNIVERSITY O'NEILL SCHOOL|GEMINI PRO|NO|NONE
LESLIE ABSHIER|INDIANA UNIVERSITY O'NEILL SCHOOL|GEMINI PRO|NO|NONE
LESLIE LENKOWSKY|INDIANA UNIVERSITY O'NEILL SCHOOL|GEMINI PRO|YES|HARVARD UNIVERSITY
LESTER  WADZINSKI|INDIANA UNIVERSITY O'NEILL SCHOOL|GEMINI PRO|NO|NONE
LIENNE  SETHNA|INDIANA UNIVERSITY O'NEILL SCHOOL|GEMINI PRO|NO|NONE
LINDA BILMES|HARVARD KENNEDY SCHOOL|GEMINI PRO|YES|OXFORD UNIVERSITY
LISA AMSLER|INDIANA UNIVERSITY O'NEILL SCHOOL|GEMINI PRO|NO|NONE
LOIS RECASCINO WISE|INDIANA UNIVERSITY O'NEILL SCHOOL|GEMINI PRO|YES|INDIANA UNIVERSITY
LORI GARRAGHTY, CFRE|INDIANA UNIVERSITY O'NEILL SCHOOL|GEMINI PRO|NO|NONE
LUIS ARMONA|HARVARD KENNEDY SCHOOL|GEMINI PRO|YES|STANFORD UNIVERSITY
MADHU CAIN|HARRIS SCHOOL OF PUBLIC POLICY|GEMINI PRO|NO|NONE
MADISON ZACCARDELLI|HARRIS SCHOOL OF PUBLIC POLICY|GEMINI PRO|NO|NONE
MAGGIE ELMARAKBY|HARRIS SCHOOL OF PUBLIC POLICY|GEMINI PRO|NO|NONE
MAGGIE SHI|HARRIS SCHOOL OF PUBLIC POLICY|GEMINI PRO|YES|COLUMBIA UNIVERSITY
MALIHA CHISHTI|HARRIS SCHOOL OF PUBLIC POLICY|GEMINI PRO|YES|UNIVERSITY OF TORONTO
MARC FARINELLA|HARRIS SCHOOL OF PUBLIC POLICY|GEMINI PRO|NO|NONE
MAREIKE SCHOMERUS|HARRIS SCHOOL OF PUBLIC POLICY|GEMINI PRO|YES|LONDON SCHOOL OF ECONOMICS AND POLITICAL SCIENCE
MARIA ANGÉLICA BAUTISTA|HARRIS SCHOOL OF PUBLIC POLICY|GEMINI PRO|NO|NONE
MARINA WILLIAMS|HARRIS SCHOOL OF PUBLIC POLICY|GEMINI PRO|NO|NONE
MARLEY MANDELARO|HARRIS SCHOOL OF PUBLIC POLICY|GEMINI PRO|NO|NONE
MARQUIS HAYES|HARRIS SCHOOL OF PUBLIC POLICY|GEMINI PRO|NO|NONE
MARTIN CASTILLO QUINTANA|HARRIS SCHOOL OF PUBLIC POLICY|GEMINI PRO|YES|NEW YORK UNIVERSITY
MARYSUE BARRETT|HARRIS SCHOOL OF PUBLIC POLICY|GEMINI PRO|NO|NONE
MATT NIKSCH|HARRIS SCHOOL OF PUBLIC POLICY|GEMINI PRO|NO|NONE
MATT ROARTY|HARRIS SCHOOL OF PUBLIC POLICY|GEMINI PRO|NO|NONE
MATTHEW FLEMING|HARRIS SCHOOL OF PUBLIC POLICY|GEMINI PRO|NO|NONE
MATTHEW STAGNER|HARRIS SCHOOL OF PUBLIC POLICY|GEMINI PRO|YES|IRVING B. HARRIS SCHOOL OF PUBLIC POLICY STUDIES AT THE UNIVERSITY OF CHICAGO
MAURICIO VILLACRES|HARRIS SCHOOL OF PUBLIC POLICY|GEMINI PRO|NO|NONE
MAY WOODARD-HICKEY|HARRIS SCHOOL OF PUBLIC POLICY|GEMINI PRO|NO|NONE
MAYA LOZINSKI|HARRIS SCHOOL OF PUBLIC POLICY|GEMINI PRO|NO|NONE
MEGAN BUSBICE|HARRIS SCHOOL OF PUBLIC POLICY|GEMINI PRO|NO|NONE
MEREDITH SHINER|HARRIS SCHOOL OF PUBLIC POLICY|GEMINI PRO|NO|NONE
MICHAEL A. NUTTER|HARRIS SCHOOL OF PUBLIC POLICY|GEMINI PRO|NO|NONE
MICHAEL GREENSTONE|HARRIS SCHOOL OF PUBLIC POLICY|GEMINI PRO|NO|NONE
MICHAEL KREMER|HARRIS SCHOOL OF PUBLIC POLICY|GEMINI PRO|YES|HARVARD UNIVERSITY
MICHAEL MIKLAUCIC|HARRIS SCHOOL OF PUBLIC POLICY|GEMINI PRO|NO|NONE
MICHAEL TIBORIS|HARRIS SCHOOL OF PUBLIC POLICY|GEMINI PRO|YES|UNIVERSITY OF CALIFORNIA, SAN DIEGO
MICHELLE MICHELINI|HARRIS SCHOOL OF PUBLIC POLICY|GEMINI PRO|NO|NONE
MIGUEL SANTOS|HARRIS SCHOOL OF PUBLIC POLICY|GEMINI PRO|YES|UNIVERSIDAD DE BARCELONA
MILVIA RODRIGUEZ|HARRIS SCHOOL OF PUBLIC POLICY|GEMINI PRO|YES|UNIVERSITY OF NEBRASKA-LINCOLN
MIRELA MUNTEANU|HARRIS SCHOOL OF PUBLIC POLICY|GEMINI PRO|NO|NONE
MISHO CEKO|HARRIS SCHOOL OF PUBLIC POLICY|GEMINI PRO|NO|NONE
MOLLY O'DONNELL|HARRIS SCHOOL OF PUBLIC POLICY|GEMINI PRO|NO|NONE
MAHIMA ACHUTHAN|COLUMBIA SCHOOL OF INTERNATIONAL AND PUBLIC AFFAIRS|GEMINI PRO|NO|NONE
MALLORY BARNES|INDIANA UNIVERSITY O'NEILL SCHOOL|GEMINI PRO|YES|UNIVERSITY OF ARIZONA
MARC LAME|INDIANA UNIVERSITY O'NEILL SCHOOL|GEMINI PRO|YES|ARIZONA STATE UNIVERSITY
MARCELLA ALSAN|HARVARD KENNEDY SCHOOL|GEMINI PRO|YES|HARVARD UNIVERSITY
MARK  KRUZAN|INDIANA UNIVERSITY O'NEILL SCHOOL|GEMINI PRO|NO|NONE
MARK  UEBEL|INDIANA UNIVERSITY O'NEILL SCHOOL|GEMINI PRO|NO|NONE
MARK LEVIN|INDIANA UNIVERSITY O'NEILL SCHOOL|GEMINI PRO|NO|NONE
MARK NISWANDER|INDIANA UNIVERSITY O'NEILL SCHOOL|GEMINI PRO|NO|NONE
MARK SHEEHAN|INDIANA UNIVERSITY O'NEILL SCHOOL|GEMINI PRO|YES|INDIANA UNIVERSITY
MARTA VENIER|INDIANA UNIVERSITY O'NEILL SCHOOL|GEMINI PRO|YES|INDIANA UNIVERSITY O'NEILL SCHOOL OF PUBLIC AND ENVIRONMENTAL AFFAIRS
MARTHA FARELLA|INDIANA UNIVERSITY O'NEILL SCHOOL|GEMINI PRO|YES|UNIVERSITY OF ARIZONA
MARY  WILLETT|INDIANA UNIVERSITY O'NEILL SCHOOL|GEMINI PRO|NO|NONE
MARY JO BANE|HARVARD KENNEDY SCHOOL|GEMINI PRO|NO|NONE
MARYLIS FANTONI|INDIANA UNIVERSITY O'NEILL SCHOOL|GEMINI PRO|NO|INDIANA UNIVERSITY
MATTHEW ANDREWS|HARVARD KENNEDY SCHOOL|GEMINI PRO|YES|MAXWELL SCHOOL, SYRACUSE UNIVERSITY
MATTHEW BAGGETTA|INDIANA UNIVERSITY O'NEILL SCHOOL|GEMINI PRO|YES|HARVARD UNIVERSITY
MATTHEW BAUM|HARVARD KENNEDY SCHOOL|GEMINI PRO|YES|UC SAN DIEGO
MAUREEN A. PIROG|INDIANA UNIVERSITY O'NEILL SCHOOL|GEMINI PRO|YES|UNIVERSITY OF PENNSYLVANIA
MAX BAZERMAN|HARVARD KENNEDY SCHOOL|GEMINI PRO|NO|NONE
MEGAN  STARNES|INDIANA UNIVERSITY O'NEILL SCHOOL|GEMINI PRO|NO|NONE
MELISSA LANEY|INDIANA UNIVERSITY O'NEILL SCHOOL|GEMINI PRO|NO|NONE
MICHAEL RUSHTON|INDIANA UNIVERSITY O'NEILL SCHOOL|GEMINI PRO|YES|UNIVERSITY OF BRITISH COLUMBIA
MICHAEL S. BARR|FORD SCHOOL OF PUBLIC POLICY|GEMINI PRO|NO|NONE
MINDY KING|INDIANA UNIVERSITY O'NEILL SCHOOL|GEMINI PRO|YES|UNIVERSITY OF CALIFORNIA, IRVINE
MIRANDA REDMAN|INDIANA UNIVERSITY O'NEILL SCHOOL|GEMINI PRO|NO|NONE
MITCHELL R. BERG|INDIANA UNIVERSITY O'NEILL SCHOOL|GEMINI PRO|YES|HAMLINE UNIVERSITY
MOLLY  STEWART|INDIANA UNIVERSITY O'NEILL SCHOOL|GEMINI PRO|YES|UNIVERSITY OF WISCONSIN-MADISON
MORELA HERNANDEZ|FORD SCHOOL OF PUBLIC POLICY|GEMINI PRO|YES|DUKE UNIVERSITY
NATHAN BARKER|HARRIS SCHOOL OF PUBLIC POLICY|GEMINI PRO|YES|YALE UNIVERSITY
NAVIN KUMAR|HARRIS SCHOOL OF PUBLIC POLICY|GEMINI PRO|NO|NONE
NED ENGLISH|HARRIS SCHOOL OF PUBLIC POLICY|GEMINI PRO|NO|NONE
NEHA MEHRA|HARRIS SCHOOL OF PUBLIC POLICY|GEMINI PRO|NO|NONE
NICHOLAS MOORE|HARRIS SCHOOL OF PUBLIC POLICY|GEMINI PRO|NO|NONE
NICHOLE HORN|HARRIS SCHOOL OF PUBLIC POLICY|GEMINI PRO|NO|NONE
NICK FAHNDERS|HARRIS SCHOOL OF PUBLIC POLICY|GEMINI PRO|YES|COLORADO STATE UNIVERSITY
NORMAN BRADBURN|HARRIS SCHOOL OF PUBLIC POLICY|GEMINI PRO|NO|NONE
NOUR ABDUL-RAZZAK|HARRIS SCHOOL OF PUBLIC POLICY|GEMINI PRO|YES|UNIVERSITY OF CHICAGO HARRIS SCHOOL OF PUBLIC POLICY
NANCY GUYOTT|INDIANA UNIVERSITY O'NEILL SCHOOL|GEMINI PRO|NO|NONE
NATALIA RAYZOR|INDIANA UNIVERSITY O'NEILL SCHOOL|GEMINI PRO|NO|NONE
NIKOLAOS ZIROGIANNIS|INDIANA UNIVERSITY O'NEILL SCHOOL|GEMINI PRO|YES|UNIVERSITY OF MASSACHUSETTS-AMHERST
OEINDRILA DUBE|HARRIS SCHOOL OF PUBLIC POLICY|GEMINI PRO|YES|HARVARD UNIVERSITY
OLIVER  NELSON JR. |INDIANA UNIVERSITY O'NEILL SCHOOL|GEMINI PRO|NO|NONE
ORVILLE POWELL|INDIANA UNIVERSITY O'NEILL SCHOOL|GEMINI PRO|NO|NONE
OSITA  AFOAKU|INDIANA UNIVERSITY O'NEILL SCHOOL|GEMINI PRO|YES|WASHINGTON STATE UNIVERSITY
OWEN  WITESMAN|INDIANA UNIVERSITY O'NEILL SCHOOL|GEMINI PRO|NO|NONE
PAIGE AZUMA|HARRIS SCHOOL OF PUBLIC POLICY|GEMINI PRO|NO|NONE
PAULA WORTHINGTON|HARRIS SCHOOL OF PUBLIC POLICY|GEMINI PRO|YES|NORTHWESTERN UNIVERSITY
PETER GANONG|HARRIS SCHOOL OF PUBLIC POLICY|GEMINI PRO|YES|HARVARD
PAOLO BELARDINELLI|INDIANA UNIVERSITY O'NEILL SCHOOL|GEMINI PRO|YES|BOCCONI UNIVERSITY
PAUL FOGLEMAN|INDIANA UNIVERSITY O'NEILL SCHOOL|GEMINI PRO|NO|NONE
PAUL HELMKE|INDIANA UNIVERSITY O'NEILL SCHOOL|GEMINI PRO|NO|NONE
PAULA LANTZ|FORD SCHOOL OF PUBLIC POLICY|GEMINI PRO|YES|UNIVERSITY OF WISCONSIN
PERRY MAULL|INDIANA UNIVERSITY O'NEILL SCHOOL|GEMINI PRO|NO|NONE
PHIL LEHMKUHLER|INDIANA UNIVERSITY O'NEILL SCHOOL|GEMINI PRO|NO|NONE
PHILIP S. STEVENS|INDIANA UNIVERSITY O'NEILL SCHOOL|GEMINI PRO|YES|HARVARD UNIVERSITY
PHOEBE  WAKHUNGU|INDIANA UNIVERSITY O'NEILL SCHOOL|GEMINI PRO|YES|INDIANA UNIVERSITY
QUINN RALLINS|HARRIS SCHOOL OF PUBLIC POLICY|GEMINI PRO|NO|NONE
R.J. WOODRING|INDIANA UNIVERSITY O'NEILL SCHOOL|GEMINI PRO|NO|NONE
RAAJ SAH|HARRIS SCHOOL OF PUBLIC POLICY|GEMINI PRO|YES|UNIVERSITY OF PENNSYLVANIA
RAHMATULLAH HAMRAZ|HARRIS SCHOOL OF PUBLIC POLICY|GEMINI PRO|NO|NONE
RANJAN DANIELS|HARRIS SCHOOL OF PUBLIC POLICY|GEMINI PRO|NO|NONE
RAUL SANCHEZ DE LA SIERRA|HARRIS SCHOOL OF PUBLIC POLICY|GEMINI PRO|NO|NONE
REBECCA HOU|HARRIS SCHOOL OF PUBLIC POLICY|GEMINI PRO|NO|NONE
REBECCA WOLFE|HARRIS SCHOOL OF PUBLIC POLICY|GEMINI PRO|YES|HARVARD UNIVERSITY
RENA DASCAL|HARRIS SCHOOL OF PUBLIC POLICY|GEMINI PRO|NO|NONE
RENAE FENTRESS|HARRIS SCHOOL OF PUBLIC POLICY|GEMINI PRO|NO|NONE
RENE BAUTISTA|HARRIS SCHOOL OF PUBLIC POLICY|GEMINI PRO|NO|NONE
RICHARD DELEWSKY|HARRIS SCHOOL OF PUBLIC POLICY|GEMINI PRO|NO|NONE
ROBERT GOERGE|HARRIS SCHOOL OF PUBLIC POLICY|GEMINI PRO|YES|UNIVERSITY OF CHICAGO SCHOOL OF SOCIAL SERVICE ADMINISTRATION
ROBERT KAESTNER|HARRIS SCHOOL OF PUBLIC POLICY|GEMINI PRO|YES|CITY UNIVERSITY OF NEW YORK
ROBERT OWENS|HARRIS SCHOOL OF PUBLIC POLICY|GEMINI PRO|YES|UNIVERSITY OF CHICAGO
ROBERT ROSNER|HARRIS SCHOOL OF PUBLIC POLICY|GEMINI PRO|YES|HARVARD UNIVERSITY
ROBERT T. MICHAEL|HARRIS SCHOOL OF PUBLIC POLICY|GEMINI PRO|NO|NONE
ROGER MYERSON|HARRIS SCHOOL OF PUBLIC POLICY|GEMINI PRO|YES|HARVARD UNIVERSITY
RONALD GIBBS|HARRIS SCHOOL OF PUBLIC POLICY|GEMINI PRO|NO|NONE
RONI RAULWING|HARRIS SCHOOL OF PUBLIC POLICY|GEMINI PRO|NO|NONE
RUOQI HUANG|HARRIS SCHOOL OF PUBLIC POLICY|GEMINI PRO|NO|NONE
RYAN KELLOGG|HARRIS SCHOOL OF PUBLIC POLICY|GEMINI PRO|YES|UNIVERSITY OF CALIFORNIA, BERKELEY
RACHEL CASH|INDIANA UNIVERSITY O'NEILL SCHOOL|GEMINI PRO|NO|NONE
RAFAEL REUVENY|INDIANA UNIVERSITY O'NEILL SCHOOL|GEMINI PRO|YES|INDIANA UNIVERSITY
REBECCA WARREN|INDIANA UNIVERSITY O'NEILL SCHOOL|GEMINI PRO|NO|NONE
RHONDA BAIRD|INDIANA UNIVERSITY O'NEILL SCHOOL|GEMINI PRO|NO|NONE
RICHARD HANSEN|INDIANA UNIVERSITY O'NEILL SCHOOL|GEMINI PRO|NO|NONE
RICHARD L. HALL|FORD SCHOOL OF PUBLIC POLICY|GEMINI PRO|YES|UNIVERSITY OF NORTH CAROLINA AT CHAPEL HILL
ROBERT BEHN|HARVARD KENNEDY SCHOOL|GEMINI PRO|YES|HARVARD
ROBERT C. HAMPSHIRE|FORD SCHOOL OF PUBLIC POLICY|GEMINI PRO|YES|PRINCETON UNIVERSITY
ROBERT HANSEN|INDIANA UNIVERSITY O'NEILL SCHOOL|GEMINI PRO|YES|INDIANA UNIVERSITY
ROBERT S. KRAVCHUK|INDIANA UNIVERSITY O'NEILL SCHOOL|GEMINI PRO|YES|SYRACUSE UNIVERSITY
ROGER  PARKS|INDIANA UNIVERSITY O'NEILL SCHOOL|GEMINI PRO|YES|INDIANA UNIVERSITY
ROGER MORRIS|INDIANA UNIVERSITY O'NEILL SCHOOL|GEMINI PRO|NO|NONE
ROHIT AGGARWALA|COLUMBIA SCHOOL OF INTERNATIONAL AND PUBLIC AFFAIRS|GEMINI PRO|YES|COLUMBIA UNIVERSITY
RONALD HITES|INDIANA UNIVERSITY O'NEILL SCHOOL|GEMINI PRO|YES|MASSACHUSETTS INSTITUTE OF TECHNOLOGY
ROY W. SHIN|INDIANA UNIVERSITY O'NEILL SCHOOL|GEMINI PRO|YES|UNIVERSITY OF MINNESOTA
RYAN MUSHINSKI|INDIANA UNIVERSITY O'NEILL SCHOOL|GEMINI PRO|YES|TEXAS A&M UNIVERSITY
SABA DEVDARIANI|HARRIS SCHOOL OF PUBLIC POLICY|GEMINI PRO|YES|CALIFORNIA INSTITUTE OF TECHNOLOGY
SABRINA DIRK|HARRIS SCHOOL OF PUBLIC POLICY|GEMINI PRO|NO|NONE
SADIA SINDHU|HARRIS SCHOOL OF PUBLIC POLICY|GEMINI PRO|NO|NONE
SAMANTHA GEHM|HARRIS SCHOOL OF PUBLIC POLICY|GEMINI PRO|NO|NONE
SAMANTHA JOHNSON|HARRIS SCHOOL OF PUBLIC POLICY|GEMINI PRO|NO|NONE
SAMMI WILLIAMS|HARRIS SCHOOL OF PUBLIC POLICY|GEMINI PRO|NO|NONE
SANAM KAZI|HARRIS SCHOOL OF PUBLIC POLICY|GEMINI PRO|NO|NONE
SARAH JANE CHRYSLER|HARRIS SCHOOL OF PUBLIC POLICY|GEMINI PRO|NO|NONE
SCOTT ASHWORTH|HARRIS SCHOOL OF PUBLIC POLICY|GEMINI PRO|YES|MASSACHUSETTS INSTITUTE OF TECHNOLOGY
SCOTT GEHLBACH|HARRIS SCHOOL OF PUBLIC POLICY|GEMINI PRO|NO|NONE
SEAN DURKIN|HARRIS SCHOOL OF PUBLIC POLICY|GEMINI PRO|NO|NONE
SEIYA KAWASHIMA|HARRIS SCHOOL OF PUBLIC POLICY|GEMINI PRO|NO|NONE
SETH RACHLIN|HARRIS SCHOOL OF PUBLIC POLICY|GEMINI PRO|YES|COLUMBIA UNIVERSITY
SHAMUS REGAN|HARRIS SCHOOL OF PUBLIC POLICY|GEMINI PRO|NO|NONE
SHAODA WANG|HARRIS SCHOOL OF PUBLIC POLICY|GEMINI PRO|YES|UNIVERSITY OF CALIFORNIA, BERKELEY
SHEILA KOHANTEB|HARRIS SCHOOL OF PUBLIC POLICY|GEMINI PRO|YES|NORTHEASTERN UNIVERSITY
SHELLEY DAVIS|HARRIS SCHOOL OF PUBLIC POLICY|GEMINI PRO|NO|NONE
SHENG-HAO LO|HARRIS SCHOOL OF PUBLIC POLICY|GEMINI PRO|YES|UNIVERSITY OF CHICAGO
SHILIN LIU|HARRIS SCHOOL OF PUBLIC POLICY|GEMINI PRO|NO|NONE
SIBYL DAY|HARRIS SCHOOL OF PUBLIC POLICY|GEMINI PRO|NO|NONE
STELLA MOY|HARRIS SCHOOL OF PUBLIC POLICY|GEMINI PRO|NO|NONE
STEVEN DURLAUF|HARRIS SCHOOL OF PUBLIC POLICY|GEMINI PRO|YES|YALE
STEVEN STRONGIN|HARRIS SCHOOL OF PUBLIC POLICY|GEMINI PRO|NO|NONE
SUE BURKE|HARRIS SCHOOL OF PUBLIC POLICY|GEMINI PRO|NO|NONE
SUSAN MAYER|HARRIS SCHOOL OF PUBLIC POLICY|GEMINI PRO|NO|NONE
SWAPNA PISIPATI|HARRIS SCHOOL OF PUBLIC POLICY|GEMINI PRO|NO|NONE
SAMEEKSHA DESAI|INDIANA UNIVERSITY O'NEILL SCHOOL|GEMINI PRO|YES|GEORGE MASON UNIVERSITY
SAMUEL BAGENSTOS|FORD SCHOOL OF PUBLIC POLICY|GEMINI PRO|NO|NONE
SANDY  CLARK-KOLAKS|INDIANA UNIVERSITY O'NEILL SCHOOL|GEMINI PRO|NO|NONE
SARAH COHODES|FORD SCHOOL OF PUBLIC POLICY|GEMINI PRO|YES|HARVARD UNIVERSITY
SARAH MINCEY|INDIANA UNIVERSITY O'NEILL SCHOOL|GEMINI PRO|YES|INDIANA UNIVERSITY
SARAH POWERS|INDIANA UNIVERSITY O'NEILL SCHOOL|GEMINI PRO|NO|NONE
SCOTT BURGINS|INDIANA UNIVERSITY O'NEILL SCHOOL|GEMINI PRO|NO|NONE
SEAN  LONG|INDIANA UNIVERSITY O'NEILL SCHOOL|GEMINI PRO|NO|NONE
SEAN  NICHOLSON-CROTTY|INDIANA UNIVERSITY O'NEILL SCHOOL|GEMINI PRO|YES|TEXAS A&M UNIVERSITY
SERGIO FERNANDEZ|INDIANA UNIVERSITY O'NEILL SCHOOL|GEMINI PRO|YES|UNIVERSITY OF GEORGIA
SETH FREEDMAN|INDIANA UNIVERSITY O'NEILL SCHOOL|GEMINI PRO|YES|UNIVERSITY OF MARYLAND
SHAHZEEN  ATTARI|INDIANA UNIVERSITY O'NEILL SCHOOL|GEMINI PRO|YES|CARNEGIE MELLON UNIVERSITY
SHAWNA GIRGIS|INDIANA UNIVERSITY O'NEILL SCHOOL|GEMINI PRO|NO|NONE
SHELLYE SUTTLES|INDIANA UNIVERSITY O'NEILL SCHOOL|GEMINI PRO|YES|PURDUE UNIVERSITY
SIÂN MOONEY|INDIANA UNIVERSITY O'NEILL SCHOOL|GEMINI PRO|YES|OREGON STATE UNIVERSITY
SOFFIA ALARCON|COLUMBIA SCHOOL OF INTERNATIONAL AND PUBLIC AFFAIRS|GEMINI PRO|NO|NONE
STACI  CAPOZZI|INDIANA UNIVERSITY O'NEILL SCHOOL|GEMINI PRO|YES|RUTGERS, THE STATE UNIVERSITY OF NEW JERSEY
STEPHANIE LEISER|FORD SCHOOL OF PUBLIC POLICY|GEMINI PRO|YES|UNIVERSITY OF WASHINGTON
STEPHEN GLAHOLT|INDIANA UNIVERSITY O'NEILL SCHOOL|GEMINI PRO|NO|NONE
STEVE ELLER|INDIANA UNIVERSITY O'NEILL SCHOOL|GEMINI PRO|NO|NONE
STEVE LUCAS|INDIANA UNIVERSITY O'NEILL SCHOOL|GEMINI PRO|NO|NONE
SUSAN M. COLLINS|FORD SCHOOL OF PUBLIC POLICY|GEMINI PRO|YES|MASSACHUSETTS INSTITUTE OF TECHNOLOGY
SUSAN SIENA|INDIANA UNIVERSITY O'NEILL SCHOOL|GEMINI PRO|YES|UNIVERSITY OF CALIFORNIA, BERKELEY
TABITHA CLARK|HARRIS SCHOOL OF PUBLIC POLICY|GEMINI PRO|NO|NONE
TALEIA BECTON- HILL|HARRIS SCHOOL OF PUBLIC POLICY|GEMINI PRO|NO|NONE
TANYA HINES|HARRIS SCHOOL OF PUBLIC POLICY|GEMINI PRO|NO|NONE
TARESHA COX|HARRIS SCHOOL OF PUBLIC POLICY|GEMINI PRO|NO|NONE
TERENCE CHAU|HARRIS SCHOOL OF PUBLIC POLICY|GEMINI PRO|NO|NONE
TERESA DAVIS|HARRIS SCHOOL OF PUBLIC POLICY|GEMINI PRO|NO|NONE
TERRI BRADY|HARRIS SCHOOL OF PUBLIC POLICY|GEMINI PRO|NO|NONE
THEASTER GATES|HARRIS SCHOOL OF PUBLIC POLICY|GEMINI PRO|NO|NONE
THOMAS COLEMAN|HARRIS SCHOOL OF PUBLIC POLICY|GEMINI PRO|YES|UNIVERSITY OF CHICAGO
THOMAS HAZINSKI|HARRIS SCHOOL OF PUBLIC POLICY|GEMINI PRO|NO|NONE
TIMOTHY KNOWLES|HARRIS SCHOOL OF PUBLIC POLICY|GEMINI PRO|YES|HARVARD UNIVERSITY
TOM DAY|HARRIS SCHOOL OF PUBLIC POLICY|GEMINI PRO|NO|NONE
TOMAS PHILIPSON|HARRIS SCHOOL OF PUBLIC POLICY|GEMINI PRO|YES|UNIVERSITY OF PENNSYLVANIA
TRAVIS KAVULLA|HARRIS SCHOOL OF PUBLIC POLICY|GEMINI PRO|NO|NONE
TRICIA MCCANN|HARRIS SCHOOL OF PUBLIC POLICY|GEMINI PRO|NO|NONE
TARA  ALI|INDIANA UNIVERSITY O'NEILL SCHOOL|GEMINI PRO|NO|NONE
TEMIRLAN T.  MOLDOGAZIEV |INDIANA UNIVERSITY O'NEILL SCHOOL|GEMINI PRO|YES|INDIANA UNIVERSITY
TERRI L. RENNER|INDIANA UNIVERSITY O'NEILL SCHOOL|GEMINI PRO|NO|NONE
TERRY AMSLER|INDIANA UNIVERSITY O'NEILL SCHOOL|GEMINI PRO|NO|NONE
THEODORE  MILLER|INDIANA UNIVERSITY O'NEILL SCHOOL|GEMINI PRO|YES|UNIVERSITY OF IOWA
THOMAS M. RABOVSKY|INDIANA UNIVERSITY O'NEILL SCHOOL|GEMINI PRO|NO|UNIVERSITY OF OKLAHOMA
TIM  WATERS|INDIANA UNIVERSITY O'NEILL SCHOOL|GEMINI PRO|NO|NONE
TIM BERRY|INDIANA UNIVERSITY O'NEILL SCHOOL|GEMINI PRO|NO|NONE
TODD V. ROYER|INDIANA UNIVERSITY O'NEILL SCHOOL|GEMINI PRO|YES|IDAHO STATE UNIVERSITY
TRENT  ENGBERS|INDIANA UNIVERSITY O'NEILL SCHOOL|GEMINI PRO|YES|IU O'NEILL SCHOOL OF PUBLIC AND ENVIRONMENTAL AFFAIRS
TRENT MOORE|INDIANA UNIVERSITY O'NEILL SCHOOL|GEMINI PRO|NO|NONE
TRIBBLE BRADLEY|INDIANA UNIVERSITY O'NEILL SCHOOL|GEMINI PRO|NO|NONE
TRISHA BUSHEY|INDIANA UNIVERSITY O'NEILL SCHOOL|GEMINI PRO|NO|NONE
URSULA M.  KUHAR|INDIANA UNIVERSITY O'NEILL SCHOOL|GEMINI PRO|NO|NONE
VALENTA KABO|FORD SCHOOL OF PUBLIC POLICY|GEMINI PRO|YES|UNIVERSITY OF MICHIGAN
VICKY MERETSKY|INDIANA UNIVERSITY O'NEILL SCHOOL|GEMINI PRO|YES|UNIVERSITY OF ARIZONA
VICTOR  KELSON|INDIANA UNIVERSITY O'NEILL SCHOOL|GEMINI PRO|NO|NONE
W. GYUDE MOORE|HARRIS SCHOOL OF PUBLIC POLICY|GEMINI PRO|NO|NONE
WHIT AYRES|HARRIS SCHOOL OF PUBLIC POLICY|GEMINI PRO|YES|UNIVERSITY OF NORTH CAROLINA AT CHAPEL HILL
WIL BURNS|HARRIS SCHOOL OF PUBLIC POLICY|GEMINI PRO|YES|UNIVERSITY OF WALES-CARDIFF SCHOOL OF LAW
WILLIAM HOWELL|HARRIS SCHOOL OF PUBLIC POLICY|GEMINI PRO|YES|STANFORD UNIVERSITY
WILLIAM TOWNS|HARRIS SCHOOL OF PUBLIC POLICY|GEMINI PRO|YES|BENEDICTINE UNIVERSITY
WIOLETTA DZIUDA|HARRIS SCHOOL OF PUBLIC POLICY|GEMINI PRO|YES|PRINCETON UNIVERSITY
WESLEY  ERWIN|INDIANA UNIVERSITY O'NEILL SCHOOL|GEMINI PRO|NO|NONE
WOOSERK PARK|INDIANA UNIVERSITY O'NEILL SCHOOL|GEMINI PRO|NO|INDIANA UNIVERSITY
YALUN SU|HARRIS SCHOOL OF PUBLIC POLICY|GEMINI PRO|YES|NONE
YANA GALLEN|HARRIS SCHOOL OF PUBLIC POLICY|GEMINI PRO|YES|NORTHWESTERN UNIVERSITY
YUKIKO ASAI|HARRIS SCHOOL OF PUBLIC POLICY|GEMINI PRO|NO|NONE
YAZIER HENRY|FORD SCHOOL OF PUBLIC POLICY|GEMINI PRO|NO|NONE
YOUSIF HASSAN|FORD SCHOOL OF PUBLIC POLICY|GEMINI PRO|YES|YORK UNIVERSITY
ZAREK BROT-GOLDBERG |HARRIS SCHOOL OF PUBLIC POLICY|GEMINI PRO|YES|UC BERKELEY
ZHAOSONG RUAN|HARRIS SCHOOL OF PUBLIC POLICY|GEMINI PRO|YES|UNIVERSITY OF CHICAGO HARRIS SCHOOL OF PUBLIC POLICY
ZOE (ZHONGYU) WU|HARRIS SCHOOL OF PUBLIC POLICY|GEMINI PRO|NO|NONE
ZHIYING LI|INDIANA UNIVERSITY O'NEILL SCHOOL|GEMINI PRO|YES|THE OHIO STATE UNIVERSITY
